Flight;Turn;Aircraft;Frequency;Passengers
0;0;0;47;90
0;0;1;3;307
0;0;2;23;131
0;0;3;23;370
0;0;4;14;373
0;0;5;33;84
0;0;6;21;52
0;1;0;23;315
0;1;1;4;341
0;1;2;39;362
0;1;3;29;21
0;1;4;8;78
0;1;5;49;298
0;1;6;1;42
0;2;0;40;261
0;2;1;3;413
0;2;2;3;101
0;2;3;6;28
0;2;4;27;366
0;2;5;40;268
0;2;6;48;439
0;3;0;18;424
0;3;1;26;164
0;3;2;7;24
0;3;3;47;294
0;3;4;3;178
0;3;5;42;239
0;3;6;23;444
0;4;0;27;401
0;4;1;19;385
0;4;2;12;103
0;4;3;14;185
0;4;4;39;60
0;4;5;35;91
0;4;6;8;282
0;5;0;34;84
0;5;1;43;157
0;5;2;32;351
0;5;3;23;173
0;5;4;11;268
0;5;5;49;316
0;5;6;27;445
0;6;0;19;178
0;6;1;6;278
0;6;2;49;169
0;6;3;44;228
0;6;4;38;390
0;6;5;1;240
0;6;6;36;120
0;7;0;43;332
0;7;1;35;368
0;7;2;31;96
0;7;3;38;169
0;7;4;24;99
0;7;5;37;326
0;7;6;32;297
0;8;0;13;115
0;8;1;29;335
0;8;2;4;59
0;8;3;3;66
0;8;4;10;312
0;8;5;24;271
0;8;6;3;99
0;9;0;49;56
0;9;1;46;243
0;9;2;12;241
0;9;3;31;44
0;9;4;16;383
0;9;5;22;30
0;9;6;22;52
0;10;0;5;293
0;10;1;50;353
0;10;2;44;443
0;10;3;9;438
0;10;4;18;382
0;10;5;8;13
0;10;6;32;128
0;11;0;21;50
0;11;1;40;411
0;11;2;48;184
0;11;3;46;290
0;11;4;11;443
0;11;5;13;402
0;11;6;41;379
0;12;0;18;5
0;12;1;40;334
0;12;2;19;270
0;12;3;8;26
0;12;4;7;348
0;12;5;35;347
0;12;6;22;339
0;13;0;49;46
0;13;1;29;320
0;13;2;47;358
0;13;3;18;8
0;13;4;15;240
0;13;5;22;378
0;13;6;20;116
0;14;0;21;120
0;14;1;11;52
0;14;2;10;336
0;14;3;39;318
0;14;4;8;3
0;14;5;48;429
0;14;6;9;38
0;15;0;4;12
0;15;1;17;138
0;15;2;34;98
0;15;3;37;54
0;15;4;46;337
0;15;5;32;432
0;15;6;34;50
0;16;0;34;441
0;16;1;4;60
0;16;2;32;283
0;16;3;40;361
0;16;4;3;14
0;16;5;9;101
0;16;6;17;49
0;17;0;14;143
0;17;1;46;69
0;17;2;45;429
0;17;3;26;310
0;17;4;42;146
0;17;5;30;273
0;17;6;27;300
0;18;0;18;400
0;18;1;5;101
0;18;2;13;386
0;18;3;9;325
0;18;4;17;255
0;18;5;11;61
0;18;6;29;254
0;19;0;29;297
0;19;1;5;105
0;19;2;30;172
0;19;3;3;70
0;19;4;40;87
0;19;5;17;115
0;19;6;11;97
0;20;0;13;134
0;20;1;32;181
0;20;2;35;95
0;20;3;44;193
0;20;4;36;219
0;20;5;32;250
0;20;6;37;379
0;21;0;8;2
0;21;1;44;284
0;21;2;5;74
0;21;3;47;352
0;21;4;36;418
0;21;5;7;220
0;21;6;50;324
0;22;0;13;445
0;22;1;30;188
0;22;2;26;203
0;22;3;34;182
0;22;4;14;394
0;22;5;33;170
0;22;6;47;5
0;23;0;17;308
0;23;1;29;256
0;23;2;46;14
0;23;3;39;126
0;23;4;12;386
0;23;5;19;28
0;23;6;20;424
0;24;0;45;222
0;24;1;19;417
0;24;2;8;185
0;24;3;40;294
0;24;4;34;327
0;24;5;24;44
0;24;6;48;164
0;25;0;34;335
0;25;1;18;437
0;25;2;8;180
0;25;3;16;220
0;25;4;35;183
0;25;5;37;433
0;25;6;22;208
0;26;0;24;85
0;26;1;22;434
0;26;2;6;42
0;26;3;41;246
0;26;4;25;178
0;26;5;27;12
0;26;6;26;327
0;27;0;40;107
0;27;1;16;355
0;27;2;43;424
0;27;3;12;139
0;27;4;13;225
0;27;5;15;30
0;27;6;41;147
1;0;0;42;166
1;0;1;8;267
1;0;2;48;62
1;0;3;15;213
1;0;4;17;351
1;0;5;4;315
1;0;6;3;305
1;1;0;45;33
1;1;1;1;365
1;1;2;8;290
1;1;3;41;212
1;1;4;23;357
1;1;5;39;210
1;1;6;27;130
1;2;0;50;109
1;2;1;47;133
1;2;2;17;224
1;2;3;30;270
1;2;4;33;274
1;2;5;16;2
1;2;6;44;92
1;3;0;33;381
1;3;1;1;172
1;3;2;1;356
1;3;3;32;72
1;3;4;18;34
1;3;5;40;136
1;3;6;35;169
1;4;0;47;96
1;4;1;27;313
1;4;2;31;416
1;4;3;4;101
1;4;4;2;280
1;4;5;8;272
1;4;6;27;326
1;5;0;41;273
1;5;1;35;104
1;5;2;11;117
1;5;3;39;205
1;5;4;17;439
1;5;5;19;168
1;5;6;36;330
1;6;0;34;255
1;6;1;22;304
1;6;2;25;235
1;6;3;15;404
1;6;4;6;180
1;6;5;48;115
1;6;6;35;257
1;7;0;26;142
1;7;1;45;112
1;7;2;17;336
1;7;3;7;112
1;7;4;34;369
1;7;5;26;62
1;7;6;9;208
1;8;0;11;23
1;8;1;40;190
1;8;2;10;83
1;8;3;45;374
1;8;4;32;264
1;8;5;23;291
1;8;6;1;130
1;9;0;42;341
1;9;1;45;157
1;9;2;2;286
1;9;3;30;321
1;9;4;35;351
1;9;5;49;407
1;9;6;25;353
1;10;0;6;114
1;10;1;26;315
1;10;2;19;272
1;10;3;20;64
1;10;4;29;49
1;10;5;12;140
1;10;6;6;271
1;11;0;35;31
1;11;1;31;194
1;11;2;14;115
1;11;3;4;60
1;11;4;2;380
1;11;5;27;102
1;11;6;25;418
1;12;0;26;338
1;12;1;10;68
1;12;2;16;11
1;12;3;27;330
1;12;4;23;194
1;12;5;19;204
1;12;6;9;191
1;13;0;48;88
1;13;1;38;255
1;13;2;1;304
1;13;3;21;276
1;13;4;13;23
1;13;5;6;411
1;13;6;27;269
1;14;0;8;299
1;14;1;24;54
1;14;2;7;66
1;14;3;45;421
1;14;4;48;359
1;14;5;28;57
1;14;6;12;376
1;15;0;7;49
1;15;1;39;359
1;15;2;28;236
1;15;3;28;173
1;15;4;33;442
1;15;5;17;93
1;15;6;16;109
1;16;0;18;177
1;16;1;37;421
1;16;2;19;218
1;16;3;42;28
1;16;4;6;281
1;16;5;21;320
1;16;6;7;434
1;17;0;20;24
1;17;1;18;170
1;17;2;41;193
1;17;3;3;216
1;17;4;24;305
1;17;5;17;179
1;17;6;31;360
1;18;0;25;236
1;18;1;15;31
1;18;2;1;408
1;18;3;15;202
1;18;4;28;328
1;18;5;17;402
1;18;6;42;401
1;19;0;38;275
1;19;1;15;99
1;19;2;31;127
1;19;3;45;238
1;19;4;44;128
1;19;5;41;217
1;19;6;26;41
1;20;0;36;223
1;20;1;39;182
1;20;2;24;127
1;20;3;38;253
1;20;4;35;147
1;20;5;24;419
1;20;6;45;90
1;21;0;19;116
1;21;1;5;291
1;21;2;37;434
1;21;3;24;217
1;21;4;3;48
1;21;5;20;90
1;21;6;16;255
1;22;0;32;98
1;22;1;20;36
1;22;2;6;331
1;22;3;36;447
1;22;4;32;187
1;22;5;9;327
1;22;6;12;149
1;23;0;22;412
1;23;1;21;129
1;23;2;4;103
1;23;3;14;138
1;23;4;2;215
1;23;5;21;192
1;23;6;11;187
1;24;0;14;90
1;24;1;45;39
1;24;2;47;22
1;24;3;28;7
1;24;4;6;442
1;24;5;14;67
1;24;6;10;239
1;25;0;34;74
1;25;1;13;430
1;25;2;37;58
1;25;3;14;62
1;25;4;24;95
1;25;5;29;412
1;25;6;20;269
1;26;0;20;308
1;26;1;9;319
1;26;2;35;438
1;26;3;32;222
1;26;4;13;412
1;26;5;33;274
1;26;6;6;288
1;27;0;34;370
1;27;1;43;409
1;27;2;38;283
1;27;3;42;267
1;27;4;14;225
1;27;5;3;137
1;27;6;14;96
2;0;0;29;114
2;0;1;49;294
2;0;2;43;267
2;0;3;37;258
2;0;4;43;153
2;0;5;28;386
2;0;6;25;299
2;1;0;28;97
2;1;1;29;252
2;1;2;41;142
2;1;3;48;446
2;1;4;50;135
2;1;5;25;434
2;1;6;42;13
2;2;0;31;101
2;2;1;31;370
2;2;2;34;405
2;2;3;17;296
2;2;4;15;251
2;2;5;3;147
2;2;6;42;200
2;3;0;11;280
2;3;1;46;41
2;3;2;13;121
2;3;3;39;318
2;3;4;32;208
2;3;5;9;401
2;3;6;25;30
2;4;0;10;329
2;4;1;6;351
2;4;2;45;289
2;4;3;11;229
2;4;4;33;449
2;4;5;28;403
2;4;6;26;291
2;5;0;14;325
2;5;1;4;366
2;5;2;22;36
2;5;3;39;387
2;5;4;28;192
2;5;5;6;129
2;5;6;38;354
2;6;0;27;2
2;6;1;10;134
2;6;2;1;3
2;6;3;50;81
2;6;4;48;117
2;6;5;19;387
2;6;6;18;308
2;7;0;47;249
2;7;1;14;18
2;7;2;28;441
2;7;3;24;387
2;7;4;39;1
2;7;5;5;157
2;7;6;17;351
2;8;0;18;86
2;8;1;25;378
2;8;2;31;90
2;8;3;15;351
2;8;4;43;43
2;8;5;48;341
2;8;6;25;330
2;9;0;34;423
2;9;1;38;152
2;9;2;15;161
2;9;3;27;257
2;9;4;4;122
2;9;5;29;271
2;9;6;46;144
2;10;0;50;304
2;10;1;45;363
2;10;2;21;375
2;10;3;6;358
2;10;4;28;0
2;10;5;15;28
2;10;6;25;42
2;11;0;22;305
2;11;1;38;46
2;11;2;18;376
2;11;3;50;219
2;11;4;22;214
2;11;5;24;449
2;11;6;48;155
2;12;0;35;176
2;12;1;39;271
2;12;2;36;440
2;12;3;41;342
2;12;4;31;18
2;12;5;49;245
2;12;6;9;382
2;13;0;32;411
2;13;1;9;192
2;13;2;14;369
2;13;3;5;431
2;13;4;33;430
2;13;5;34;446
2;13;6;23;441
2;14;0;19;119
2;14;1;2;240
2;14;2;16;81
2;14;3;16;223
2;14;4;6;57
2;14;5;45;293
2;14;6;8;440
2;15;0;49;355
2;15;1;15;256
2;15;2;24;186
2;15;3;30;425
2;15;4;10;227
2;15;5;15;42
2;15;6;19;414
2;16;0;43;349
2;16;1;39;172
2;16;2;22;318
2;16;3;18;421
2;16;4;19;403
2;16;5;5;410
2;16;6;20;6
2;17;0;19;34
2;17;1;1;22
2;17;2;18;264
2;17;3;36;448
2;17;4;27;306
2;17;5;48;209
2;17;6;30;433
2;18;0;21;19
2;18;1;38;135
2;18;2;24;204
2;18;3;40;47
2;18;4;42;95
2;18;5;2;105
2;18;6;17;276
2;19;0;50;135
2;19;1;13;120
2;19;2;35;95
2;19;3;17;162
2;19;4;34;363
2;19;5;23;317
2;19;6;45;347
2;20;0;30;429
2;20;1;29;389
2;20;2;11;239
2;20;3;12;395
2;20;4;10;30
2;20;5;30;4
2;20;6;20;387
2;21;0;24;391
2;21;1;38;6
2;21;2;16;291
2;21;3;12;405
2;21;4;37;1
2;21;5;3;194
2;21;6;42;15
2;22;0;32;376
2;22;1;32;234
2;22;2;16;77
2;22;3;21;351
2;22;4;47;138
2;22;5;31;340
2;22;6;46;280
2;23;0;8;303
2;23;1;31;217
2;23;2;36;310
2;23;3;50;335
2;23;4;23;172
2;23;5;36;51
2;23;6;12;438
2;24;0;15;341
2;24;1;13;216
2;24;2;32;161
2;24;3;39;66
2;24;4;5;295
2;24;5;43;329
2;24;6;36;178
2;25;0;4;30
2;25;1;13;128
2;25;2;25;222
2;25;3;46;45
2;25;4;23;298
2;25;5;32;272
2;25;6;33;214
2;26;0;24;385
2;26;1;16;266
2;26;2;14;443
2;26;3;27;323
2;26;4;9;156
2;26;5;32;373
2;26;6;4;46
2;27;0;12;204
2;27;1;6;216
2;27;2;47;400
2;27;3;4;366
2;27;4;47;15
2;27;5;7;337
2;27;6;17;361
3;0;0;43;58
3;0;1;11;266
3;0;2;12;155
3;0;3;17;109
3;0;4;42;317
3;0;5;7;311
3;0;6;47;9
3;1;0;19;330
3;1;1;10;216
3;1;2;8;327
3;1;3;21;420
3;1;4;26;336
3;1;5;39;113
3;1;6;30;264
3;2;0;22;55
3;2;1;23;170
3;2;2;21;254
3;2;3;23;233
3;2;4;25;166
3;2;5;30;396
3;2;6;12;79
3;3;0;21;332
3;3;1;16;405
3;3;2;5;405
3;3;3;26;271
3;3;4;34;181
3;3;5;15;192
3;3;6;30;328
3;4;0;34;264
3;4;1;43;105
3;4;2;30;102
3;4;3;24;261
3;4;4;16;144
3;4;5;21;150
3;4;6;35;267
3;5;0;44;343
3;5;1;41;379
3;5;2;14;131
3;5;3;20;82
3;5;4;30;443
3;5;5;41;125
3;5;6;8;416
3;6;0;36;430
3;6;1;20;286
3;6;2;16;35
3;6;3;19;430
3;6;4;28;87
3;6;5;4;50
3;6;6;13;86
3;7;0;41;189
3;7;1;3;34
3;7;2;24;266
3;7;3;30;233
3;7;4;43;155
3;7;5;14;84
3;7;6;46;366
3;8;0;18;163
3;8;1;38;213
3;8;2;33;260
3;8;3;13;321
3;8;4;48;166
3;8;5;25;24
3;8;6;48;5
3;9;0;3;424
3;9;1;41;204
3;9;2;49;54
3;9;3;17;142
3;9;4;20;276
3;9;5;46;59
3;9;6;17;347
3;10;0;7;260
3;10;1;40;18
3;10;2;49;167
3;10;3;19;209
3;10;4;50;105
3;10;5;43;424
3;10;6;30;99
3;11;0;16;351
3;11;1;35;252
3;11;2;43;303
3;11;3;36;307
3;11;4;2;86
3;11;5;45;316
3;11;6;18;38
3;12;0;46;369
3;12;1;3;135
3;12;2;45;202
3;12;3;37;17
3;12;4;5;300
3;12;5;19;283
3;12;6;43;339
3;13;0;15;54
3;13;1;47;106
3;13;2;33;442
3;13;3;25;70
3;13;4;32;84
3;13;5;3;131
3;13;6;7;401
3;14;0;32;228
3;14;1;39;361
3;14;2;35;295
3;14;3;19;75
3;14;4;22;356
3;14;5;47;371
3;14;6;50;160
3;15;0;4;338
3;15;1;49;386
3;15;2;5;432
3;15;3;4;389
3;15;4;22;374
3;15;5;35;369
3;15;6;49;122
3;16;0;19;82
3;16;1;13;154
3;16;2;1;200
3;16;3;29;340
3;16;4;43;332
3;16;5;35;296
3;16;6;28;10
3;17;0;20;149
3;17;1;27;425
3;17;2;13;215
3;17;3;43;316
3;17;4;3;284
3;17;5;27;138
3;17;6;45;162
3;18;0;10;127
3;18;1;11;161
3;18;2;8;328
3;18;3;13;160
3;18;4;20;336
3;18;5;30;132
3;18;6;32;42
3;19;0;27;252
3;19;1;45;328
3;19;2;20;220
3;19;3;9;389
3;19;4;4;351
3;19;5;50;149
3;19;6;42;259
3;20;0;10;438
3;20;1;37;213
3;20;2;4;32
3;20;3;2;439
3;20;4;5;275
3;20;5;30;354
3;20;6;2;40
3;21;0;9;266
3;21;1;7;434
3;21;2;18;400
3;21;3;3;212
3;21;4;36;269
3;21;5;44;98
3;21;6;40;18
3;22;0;41;305
3;22;1;22;232
3;22;2;37;91
3;22;3;1;341
3;22;4;2;108
3;22;5;46;46
3;22;6;25;319
3;23;0;49;449
3;23;1;38;381
3;23;2;18;43
3;23;3;49;319
3;23;4;43;443
3;23;5;5;72
3;23;6;24;432
3;24;0;27;424
3;24;1;17;349
3;24;2;42;337
3;24;3;29;118
3;24;4;4;328
3;24;5;46;299
3;24;6;34;329
3;25;0;17;366
3;25;1;8;298
3;25;2;11;14
3;25;3;14;374
3;25;4;45;159
3;25;5;4;71
3;25;6;17;104
3;26;0;40;61
3;26;1;12;354
3;26;2;47;45
3;26;3;37;415
3;26;4;13;359
3;26;5;21;40
3;26;6;21;386
3;27;0;30;149
3;27;1;21;48
3;27;2;43;372
3;27;3;41;427
3;27;4;29;74
3;27;5;42;173
3;27;6;31;79
4;0;0;33;127
4;0;1;49;227
4;0;2;24;135
4;0;3;10;357
4;0;4;22;369
4;0;5;39;378
4;0;6;44;301
4;1;0;18;189
4;1;1;4;343
4;1;2;41;354
4;1;3;31;243
4;1;4;12;434
4;1;5;44;215
4;1;6;48;409
4;2;0;26;407
4;2;1;4;0
4;2;2;28;168
4;2;3;25;390
4;2;4;41;425
4;2;5;26;237
4;2;6;10;121
4;3;0;20;238
4;3;1;45;71
4;3;2;29;60
4;3;3;44;129
4;3;4;34;181
4;3;5;17;120
4;3;6;24;234
4;4;0;41;397
4;4;1;3;15
4;4;2;39;92
4;4;3;4;310
4;4;4;47;218
4;4;5;14;128
4;4;6;32;429
4;5;0;24;55
4;5;1;39;289
4;5;2;16;14
4;5;3;19;119
4;5;4;23;123
4;5;5;40;186
4;5;6;3;290
4;6;0;22;199
4;6;1;6;96
4;6;2;27;34
4;6;3;23;193
4;6;4;18;286
4;6;5;22;313
4;6;6;11;365
4;7;0;3;144
4;7;1;32;119
4;7;2;30;6
4;7;3;5;325
4;7;4;27;277
4;7;5;3;238
4;7;6;1;35
4;8;0;37;35
4;8;1;9;227
4;8;2;4;142
4;8;3;11;294
4;8;4;40;238
4;8;5;29;418
4;8;6;38;200
4;9;0;13;96
4;9;1;30;10
4;9;2;11;54
4;9;3;11;355
4;9;4;2;365
4;9;5;15;301
4;9;6;16;57
4;10;0;27;245
4;10;1;28;350
4;10;2;12;348
4;10;3;17;47
4;10;4;45;125
4;10;5;48;121
4;10;6;18;411
4;11;0;47;343
4;11;1;33;219
4;11;2;46;26
4;11;3;46;33
4;11;4;1;105
4;11;5;5;103
4;11;6;33;419
4;12;0;20;8
4;12;1;40;82
4;12;2;33;274
4;12;3;40;146
4;12;4;22;85
4;12;5;1;147
4;12;6;21;313
4;13;0;18;6
4;13;1;50;368
4;13;2;44;334
4;13;3;6;345
4;13;4;43;181
4;13;5;19;255
4;13;6;8;232
4;14;0;2;194
4;14;1;30;230
4;14;2;7;310
4;14;3;10;440
4;14;4;2;31
4;14;5;30;134
4;14;6;6;258
4;15;0;40;41
4;15;1;10;242
4;15;2;47;215
4;15;3;36;298
4;15;4;45;283
4;15;5;43;320
4;15;6;32;267
4;16;0;19;180
4;16;1;25;388
4;16;2;34;381
4;16;3;21;142
4;16;4;48;69
4;16;5;45;212
4;16;6;6;72
4;17;0;15;201
4;17;1;38;248
4;17;2;7;283
4;17;3;21;416
4;17;4;14;435
4;17;5;11;276
4;17;6;29;181
4;18;0;11;200
4;18;1;36;437
4;18;2;20;50
4;18;3;35;49
4;18;4;3;119
4;18;5;22;210
4;18;6;40;38
4;19;0;40;174
4;19;1;23;443
4;19;2;36;27
4;19;3;7;58
4;19;4;47;176
4;19;5;11;424
4;19;6;26;350
4;20;0;27;14
4;20;1;37;157
4;20;2;26;66
4;20;3;17;184
4;20;4;43;362
4;20;5;29;307
4;20;6;24;320
4;21;0;12;197
4;21;1;3;403
4;21;2;13;300
4;21;3;25;157
4;21;4;8;107
4;21;5;17;392
4;21;6;12;347
4;22;0;6;129
4;22;1;46;9
4;22;2;1;8
4;22;3;14;276
4;22;4;20;233
4;22;5;44;266
4;22;6;42;146
4;23;0;21;346
4;23;1;29;410
4;23;2;22;314
4;23;3;34;373
4;23;4;19;172
4;23;5;36;297
4;23;6;39;194
4;24;0;36;78
4;24;1;48;255
4;24;2;27;361
4;24;3;11;233
4;24;4;29;391
4;24;5;49;209
4;24;6;6;305
4;25;0;42;252
4;25;1;34;320
4;25;2;34;346
4;25;3;48;372
4;25;4;12;315
4;25;5;15;108
4;25;6;11;3
4;26;0;10;135
4;26;1;40;38
4;26;2;18;324
4;26;3;35;151
4;26;4;44;136
4;26;5;46;327
4;26;6;11;36
4;27;0;50;54
4;27;1;13;118
4;27;2;28;155
4;27;3;40;90
4;27;4;13;263
4;27;5;9;259
4;27;6;27;118
5;0;0;22;57
5;0;1;33;156
5;0;2;14;136
5;0;3;48;92
5;0;4;17;76
5;0;5;40;2
5;0;6;43;39
5;1;0;44;239
5;1;1;29;260
5;1;2;36;224
5;1;3;12;65
5;1;4;49;364
5;1;5;28;89
5;1;6;20;414
5;2;0;35;129
5;2;1;35;362
5;2;2;44;214
5;2;3;48;434
5;2;4;24;300
5;2;5;28;185
5;2;6;29;47
5;3;0;2;143
5;3;1;31;432
5;3;2;35;401
5;3;3;44;376
5;3;4;1;195
5;3;5;41;131
5;3;6;39;442
5;4;0;44;102
5;4;1;14;384
5;4;2;35;149
5;4;3;13;244
5;4;4;13;341
5;4;5;39;326
5;4;6;23;281
5;5;0;23;299
5;5;1;40;434
5;5;2;39;235
5;5;3;39;277
5;5;4;49;115
5;5;5;6;382
5;5;6;9;422
5;6;0;50;361
5;6;1;44;370
5;6;2;27;423
5;6;3;15;407
5;6;4;42;198
5;6;5;38;393
5;6;6;28;166
5;7;0;46;352
5;7;1;34;442
5;7;2;17;374
5;7;3;21;101
5;7;4;12;262
5;7;5;2;201
5;7;6;13;369
5;8;0;50;48
5;8;1;44;368
5;8;2;49;107
5;8;3;35;388
5;8;4;9;142
5;8;5;25;129
5;8;6;10;323
5;9;0;13;32
5;9;1;14;236
5;9;2;48;349
5;9;3;10;24
5;9;4;1;136
5;9;5;41;164
5;9;6;34;428
5;10;0;37;327
5;10;1;35;134
5;10;2;18;85
5;10;3;50;323
5;10;4;3;380
5;10;5;24;322
5;10;6;12;272
5;11;0;43;226
5;11;1;12;266
5;11;2;47;9
5;11;3;8;160
5;11;4;3;367
5;11;5;27;375
5;11;6;11;407
5;12;0;5;183
5;12;1;34;167
5;12;2;9;98
5;12;3;32;9
5;12;4;34;347
5;12;5;50;264
5;12;6;13;330
5;13;0;35;27
5;13;1;7;233
5;13;2;8;40
5;13;3;26;78
5;13;4;16;61
5;13;5;44;119
5;13;6;34;308
5;14;0;45;246
5;14;1;27;78
5;14;2;37;11
5;14;3;34;115
5;14;4;3;253
5;14;5;16;300
5;14;6;47;445
5;15;0;12;302
5;15;1;50;232
5;15;2;23;291
5;15;3;22;307
5;15;4;42;230
5;15;5;14;445
5;15;6;37;406
5;16;0;48;420
5;16;1;18;286
5;16;2;29;251
5;16;3;24;33
5;16;4;31;234
5;16;5;20;385
5;16;6;44;198
5;17;0;12;402
5;17;1;5;113
5;17;2;44;107
5;17;3;19;385
5;17;4;17;51
5;17;5;35;77
5;17;6;10;35
5;18;0;44;232
5;18;1;40;395
5;18;2;25;224
5;18;3;33;103
5;18;4;27;209
5;18;5;23;413
5;18;6;37;336
5;19;0;35;325
5;19;1;9;99
5;19;2;5;151
5;19;3;27;190
5;19;4;8;305
5;19;5;33;45
5;19;6;27;243
5;20;0;31;156
5;20;1;3;263
5;20;2;49;374
5;20;3;50;22
5;20;4;43;86
5;20;5;17;101
5;20;6;28;328
5;21;0;41;1
5;21;1;19;254
5;21;2;38;235
5;21;3;9;350
5;21;4;43;111
5;21;5;20;45
5;21;6;1;99
5;22;0;21;207
5;22;1;8;154
5;22;2;26;376
5;22;3;9;217
5;22;4;20;67
5;22;5;2;339
5;22;6;28;316
5;23;0;1;432
5;23;1;22;427
5;23;2;33;349
5;23;3;35;170
5;23;4;46;140
5;23;5;27;94
5;23;6;33;60
5;24;0;27;397
5;24;1;22;94
5;24;2;50;375
5;24;3;7;168
5;24;4;43;327
5;24;5;12;235
5;24;6;49;409
5;25;0;44;340
5;25;1;37;365
5;25;2;46;71
5;25;3;1;145
5;25;4;7;59
5;25;5;39;267
5;25;6;23;407
5;26;0;15;341
5;26;1;45;380
5;26;2;6;413
5;26;3;27;10
5;26;4;5;444
5;26;5;2;334
5;26;6;26;92
5;27;0;21;53
5;27;1;16;397
5;27;2;37;37
5;27;3;6;342
5;27;4;7;296
5;27;5;44;82
5;27;6;43;11
6;0;0;16;61
6;0;1;40;382
6;0;2;13;59
6;0;3;34;291
6;0;4;18;266
6;0;5;8;300
6;0;6;33;306
6;1;0;47;118
6;1;1;22;179
6;1;2;30;412
6;1;3;24;233
6;1;4;18;330
6;1;5;33;65
6;1;6;27;161
6;2;0;11;178
6;2;1;32;374
6;2;2;19;356
6;2;3;26;167
6;2;4;39;218
6;2;5;3;386
6;2;6;23;246
6;3;0;29;434
6;3;1;17;353
6;3;2;23;305
6;3;3;9;317
6;3;4;44;105
6;3;5;39;282
6;3;6;3;324
6;4;0;31;333
6;4;1;2;18
6;4;2;11;8
6;4;3;9;134
6;4;4;44;273
6;4;5;20;344
6;4;6;45;317
6;5;0;44;250
6;5;1;5;432
6;5;2;11;208
6;5;3;9;164
6;5;4;40;401
6;5;5;12;210
6;5;6;48;284
6;6;0;18;312
6;6;1;20;130
6;6;2;1;108
6;6;3;18;424
6;6;4;19;316
6;6;5;48;21
6;6;6;7;444
6;7;0;22;345
6;7;1;22;214
6;7;2;42;99
6;7;3;20;333
6;7;4;21;163
6;7;5;24;55
6;7;6;44;325
6;8;0;19;136
6;8;1;48;74
6;8;2;20;369
6;8;3;16;37
6;8;4;3;447
6;8;5;43;0
6;8;6;12;74
6;9;0;2;211
6;9;1;19;344
6;9;2;6;93
6;9;3;13;434
6;9;4;5;374
6;9;5;20;390
6;9;6;46;65
6;10;0;21;190
6;10;1;33;346
6;10;2;13;242
6;10;3;50;444
6;10;4;29;268
6;10;5;7;190
6;10;6;42;274
6;11;0;13;25
6;11;1;14;24
6;11;2;32;123
6;11;3;50;53
6;11;4;16;168
6;11;5;32;79
6;11;6;39;108
6;12;0;31;91
6;12;1;8;174
6;12;2;3;49
6;12;3;24;182
6;12;4;37;50
6;12;5;17;235
6;12;6;47;326
6;13;0;11;226
6;13;1;4;178
6;13;2;21;268
6;13;3;27;102
6;13;4;46;264
6;13;5;1;297
6;13;6;28;8
6;14;0;43;189
6;14;1;41;358
6;14;2;27;310
6;14;3;33;51
6;14;4;2;146
6;14;5;39;430
6;14;6;47;58
6;15;0;29;132
6;15;1;15;133
6;15;2;33;171
6;15;3;33;332
6;15;4;27;171
6;15;5;46;297
6;15;6;44;383
6;16;0;47;116
6;16;1;12;274
6;16;2;4;134
6;16;3;41;36
6;16;4;28;149
6;16;5;33;287
6;16;6;28;108
6;17;0;33;442
6;17;1;26;303
6;17;2;2;125
6;17;3;4;71
6;17;4;15;358
6;17;5;5;120
6;17;6;27;403
6;18;0;28;75
6;18;1;41;89
6;18;2;30;54
6;18;3;16;203
6;18;4;49;282
6;18;5;43;164
6;18;6;28;14
6;19;0;6;242
6;19;1;20;143
6;19;2;38;330
6;19;3;3;444
6;19;4;41;327
6;19;5;32;448
6;19;6;18;161
6;20;0;21;147
6;20;1;38;369
6;20;2;27;307
6;20;3;10;444
6;20;4;15;115
6;20;5;31;50
6;20;6;26;67
6;21;0;16;104
6;21;1;1;422
6;21;2;39;220
6;21;3;43;64
6;21;4;12;141
6;21;5;48;421
6;21;6;35;158
6;22;0;41;442
6;22;1;40;245
6;22;2;27;313
6;22;3;16;168
6;22;4;40;76
6;22;5;40;117
6;22;6;16;8
6;23;0;14;404
6;23;1;27;125
6;23;2;2;388
6;23;3;34;40
6;23;4;35;282
6;23;5;27;228
6;23;6;26;236
6;24;0;33;39
6;24;1;13;350
6;24;2;38;58
6;24;3;31;68
6;24;4;13;386
6;24;5;30;107
6;24;6;40;314
6;25;0;41;172
6;25;1;6;249
6;25;2;11;337
6;25;3;20;37
6;25;4;27;261
6;25;5;24;188
6;25;6;36;162
6;26;0;27;141
6;26;1;48;296
6;26;2;17;118
6;26;3;18;36
6;26;4;25;172
6;26;5;14;173
6;26;6;18;167
6;27;0;27;247
6;27;1;15;87
6;27;2;41;429
6;27;3;36;79
6;27;4;18;111
6;27;5;37;419
6;27;6;40;257
7;0;0;17;386
7;0;1;28;444
7;0;2;24;45
7;0;3;36;142
7;0;4;20;174
7;0;5;42;439
7;0;6;3;440
7;1;0;42;184
7;1;1;27;399
7;1;2;35;371
7;1;3;21;89
7;1;4;8;208
7;1;5;25;366
7;1;6;44;447
7;2;0;10;231
7;2;1;11;262
7;2;2;10;24
7;2;3;20;264
7;2;4;39;52
7;2;5;14;91
7;2;6;22;36
7;3;0;37;273
7;3;1;4;376
7;3;2;6;112
7;3;3;14;211
7;3;4;7;138
7;3;5;9;157
7;3;6;50;227
7;4;0;12;239
7;4;1;19;255
7;4;2;7;391
7;4;3;3;116
7;4;4;2;302
7;4;5;48;199
7;4;6;47;368
7;5;0;17;101
7;5;1;34;145
7;5;2;46;216
7;5;3;25;39
7;5;4;5;105
7;5;5;8;432
7;5;6;18;130
7;6;0;6;86
7;6;1;30;74
7;6;2;4;308
7;6;3;46;309
7;6;4;35;412
7;6;5;50;250
7;6;6;2;409
7;7;0;21;98
7;7;1;45;425
7;7;2;48;180
7;7;3;27;390
7;7;4;22;429
7;7;5;18;34
7;7;6;28;345
7;8;0;26;187
7;8;1;11;254
7;8;2;48;27
7;8;3;50;441
7;8;4;7;91
7;8;5;39;442
7;8;6;31;2
7;9;0;7;449
7;9;1;36;303
7;9;2;4;97
7;9;3;31;278
7;9;4;18;275
7;9;5;31;403
7;9;6;14;173
7;10;0;6;242
7;10;1;9;53
7;10;2;34;430
7;10;3;16;179
7;10;4;30;429
7;10;5;49;80
7;10;6;11;75
7;11;0;36;367
7;11;1;31;438
7;11;2;47;68
7;11;3;42;219
7;11;4;50;209
7;11;5;21;34
7;11;6;32;193
7;12;0;46;219
7;12;1;35;389
7;12;2;26;347
7;12;3;1;437
7;12;4;42;350
7;12;5;44;61
7;12;6;36;242
7;13;0;28;302
7;13;1;4;290
7;13;2;34;84
7;13;3;4;227
7;13;4;41;326
7;13;5;41;181
7;13;6;36;369
7;14;0;45;387
7;14;1;50;211
7;14;2;17;273
7;14;3;32;422
7;14;4;26;49
7;14;5;33;354
7;14;6;16;232
7;15;0;41;346
7;15;1;47;347
7;15;2;42;271
7;15;3;8;19
7;15;4;23;166
7;15;5;2;176
7;15;6;11;294
7;16;0;23;324
7;16;1;31;388
7;16;2;19;158
7;16;3;23;302
7;16;4;5;293
7;16;5;48;193
7;16;6;26;242
7;17;0;10;278
7;17;1;16;430
7;17;2;46;9
7;17;3;42;124
7;17;4;4;30
7;17;5;8;12
7;17;6;10;248
7;18;0;23;286
7;18;1;24;335
7;18;2;5;284
7;18;3;43;367
7;18;4;1;103
7;18;5;28;9
7;18;6;40;247
7;19;0;14;114
7;19;1;24;158
7;19;2;23;376
7;19;3;4;311
7;19;4;22;112
7;19;5;47;355
7;19;6;35;341
7;20;0;24;148
7;20;1;15;251
7;20;2;34;367
7;20;3;50;219
7;20;4;8;261
7;20;5;5;79
7;20;6;21;90
7;21;0;28;167
7;21;1;47;295
7;21;2;35;66
7;21;3;36;142
7;21;4;43;389
7;21;5;22;378
7;21;6;20;122
7;22;0;41;198
7;22;1;46;312
7;22;2;6;340
7;22;3;32;304
7;22;4;31;34
7;22;5;20;391
7;22;6;12;405
7;23;0;24;324
7;23;1;6;407
7;23;2;16;118
7;23;3;18;19
7;23;4;23;177
7;23;5;25;388
7;23;6;9;365
7;24;0;28;60
7;24;1;1;204
7;24;2;16;49
7;24;3;7;336
7;24;4;20;366
7;24;5;9;330
7;24;6;45;59
7;25;0;38;420
7;25;1;20;80
7;25;2;13;139
7;25;3;47;372
7;25;4;3;43
7;25;5;29;93
7;25;6;33;47
7;26;0;19;406
7;26;1;4;127
7;26;2;14;290
7;26;3;19;155
7;26;4;15;234
7;26;5;25;384
7;26;6;16;203
7;27;0;18;338
7;27;1;39;408
7;27;2;49;181
7;27;3;46;155
7;27;4;45;122
7;27;5;2;419
7;27;6;12;268
8;0;0;11;43
8;0;1;32;409
8;0;2;7;59
8;0;3;49;234
8;0;4;7;392
8;0;5;42;363
8;0;6;34;49
8;1;0;3;224
8;1;1;14;240
8;1;2;6;188
8;1;3;37;406
8;1;4;33;102
8;1;5;42;403
8;1;6;25;22
8;2;0;47;64
8;2;1;31;207
8;2;2;37;47
8;2;3;9;27
8;2;4;9;165
8;2;5;45;312
8;2;6;6;161
8;3;0;4;132
8;3;1;1;173
8;3;2;41;87
8;3;3;30;160
8;3;4;40;67
8;3;5;48;285
8;3;6;13;101
8;4;0;48;21
8;4;1;43;390
8;4;2;49;48
8;4;3;45;0
8;4;4;6;409
8;4;5;12;447
8;4;6;45;133
8;5;0;19;300
8;5;1;49;366
8;5;2;44;17
8;5;3;22;429
8;5;4;4;414
8;5;5;1;435
8;5;6;10;191
8;6;0;26;105
8;6;1;10;86
8;6;2;42;154
8;6;3;40;75
8;6;4;36;215
8;6;5;27;81
8;6;6;3;331
8;7;0;33;12
8;7;1;23;378
8;7;2;32;239
8;7;3;48;14
8;7;4;41;54
8;7;5;11;0
8;7;6;14;264
8;8;0;38;215
8;8;1;18;250
8;8;2;31;79
8;8;3;16;226
8;8;4;32;227
8;8;5;14;109
8;8;6;8;344
8;9;0;12;66
8;9;1;4;300
8;9;2;13;247
8;9;3;5;91
8;9;4;38;307
8;9;5;2;300
8;9;6;48;186
8;10;0;50;445
8;10;1;40;177
8;10;2;43;428
8;10;3;25;374
8;10;4;9;175
8;10;5;16;337
8;10;6;24;139
8;11;0;25;371
8;11;1;15;91
8;11;2;29;237
8;11;3;33;380
8;11;4;49;380
8;11;5;39;385
8;11;6;6;159
8;12;0;47;112
8;12;1;45;429
8;12;2;28;214
8;12;3;41;380
8;12;4;34;393
8;12;5;34;154
8;12;6;9;34
8;13;0;25;202
8;13;1;15;13
8;13;2;43;73
8;13;3;28;381
8;13;4;4;396
8;13;5;2;245
8;13;6;37;118
8;14;0;26;249
8;14;1;44;322
8;14;2;35;441
8;14;3;10;259
8;14;4;15;212
8;14;5;23;211
8;14;6;16;100
8;15;0;30;396
8;15;1;19;240
8;15;2;20;436
8;15;3;34;364
8;15;4;34;344
8;15;5;6;383
8;15;6;9;154
8;16;0;10;122
8;16;1;49;19
8;16;2;37;227
8;16;3;46;432
8;16;4;9;259
8;16;5;48;288
8;16;6;38;202
8;17;0;39;411
8;17;1;48;382
8;17;2;7;224
8;17;3;27;317
8;17;4;36;67
8;17;5;1;214
8;17;6;8;177
8;18;0;43;206
8;18;1;24;193
8;18;2;42;262
8;18;3;20;19
8;18;4;14;372
8;18;5;46;344
8;18;6;31;72
8;19;0;42;342
8;19;1;27;273
8;19;2;50;298
8;19;3;27;128
8;19;4;7;426
8;19;5;10;112
8;19;6;23;142
8;20;0;20;242
8;20;1;39;148
8;20;2;19;167
8;20;3;9;107
8;20;4;38;445
8;20;5;13;126
8;20;6;49;126
8;21;0;37;46
8;21;1;47;80
8;21;2;35;197
8;21;3;30;435
8;21;4;46;228
8;21;5;49;419
8;21;6;13;190
8;22;0;11;216
8;22;1;23;123
8;22;2;15;332
8;22;3;7;133
8;22;4;36;338
8;22;5;2;274
8;22;6;22;268
8;23;0;1;258
8;23;1;23;406
8;23;2;45;356
8;23;3;40;53
8;23;4;2;193
8;23;5;34;292
8;23;6;14;401
8;24;0;32;24
8;24;1;22;286
8;24;2;16;71
8;24;3;25;303
8;24;4;29;64
8;24;5;44;37
8;24;6;45;218
8;25;0;21;106
8;25;1;38;373
8;25;2;35;37
8;25;3;6;288
8;25;4;6;427
8;25;5;34;360
8;25;6;41;88
8;26;0;25;386
8;26;1;49;337
8;26;2;16;272
8;26;3;41;416
8;26;4;7;431
8;26;5;30;42
8;26;6;9;385
8;27;0;20;83
8;27;1;40;128
8;27;2;24;128
8;27;3;35;76
8;27;4;29;346
8;27;5;14;35
8;27;6;17;75
9;0;0;21;319
9;0;1;5;36
9;0;2;10;228
9;0;3;26;426
9;0;4;23;149
9;0;5;31;38
9;0;6;16;54
9;1;0;44;145
9;1;1;18;400
9;1;2;26;345
9;1;3;31;78
9;1;4;5;96
9;1;5;1;89
9;1;6;30;94
9;2;0;26;414
9;2;1;21;40
9;2;2;20;70
9;2;3;23;206
9;2;4;32;63
9;2;5;9;229
9;2;6;29;206
9;3;0;42;208
9;3;1;8;381
9;3;2;15;44
9;3;3;5;177
9;3;4;6;32
9;3;5;17;314
9;3;6;32;11
9;4;0;43;352
9;4;1;23;281
9;4;2;17;41
9;4;3;8;361
9;4;4;43;390
9;4;5;42;397
9;4;6;1;190
9;5;0;43;356
9;5;1;35;44
9;5;2;24;414
9;5;3;38;292
9;5;4;5;302
9;5;5;15;309
9;5;6;38;361
9;6;0;22;419
9;6;1;23;144
9;6;2;27;63
9;6;3;25;183
9;6;4;34;64
9;6;5;34;179
9;6;6;36;414
9;7;0;36;15
9;7;1;46;70
9;7;2;46;74
9;7;3;22;250
9;7;4;28;440
9;7;5;40;254
9;7;6;7;283
9;8;0;46;103
9;8;1;50;34
9;8;2;36;38
9;8;3;33;92
9;8;4;21;84
9;8;5;20;336
9;8;6;42;7
9;9;0;49;399
9;9;1;22;318
9;9;2;43;416
9;9;3;32;429
9;9;4;3;295
9;9;5;38;78
9;9;6;22;223
9;10;0;25;77
9;10;1;30;220
9;10;2;25;194
9;10;3;45;114
9;10;4;7;242
9;10;5;8;157
9;10;6;28;25
9;11;0;29;279
9;11;1;46;334
9;11;2;37;417
9;11;3;13;295
9;11;4;2;363
9;11;5;50;272
9;11;6;30;11
9;12;0;46;108
9;12;1;25;257
9;12;2;25;18
9;12;3;46;65
9;12;4;17;127
9;12;5;9;95
9;12;6;16;299
9;13;0;21;275
9;13;1;28;87
9;13;2;48;275
9;13;3;28;113
9;13;4;12;45
9;13;5;42;62
9;13;6;49;203
9;14;0;32;194
9;14;1;22;269
9;14;2;42;283
9;14;3;17;286
9;14;4;2;328
9;14;5;47;144
9;14;6;44;242
9;15;0;28;397
9;15;1;10;169
9;15;2;26;187
9;15;3;25;403
9;15;4;45;1
9;15;5;21;42
9;15;6;4;82
9;16;0;38;50
9;16;1;19;105
9;16;2;47;255
9;16;3;47;403
9;16;4;35;356
9;16;5;14;40
9;16;6;33;151
9;17;0;20;298
9;17;1;17;160
9;17;2;6;117
9;17;3;37;95
9;17;4;29;170
9;17;5;13;347
9;17;6;30;139
9;18;0;5;247
9;18;1;28;150
9;18;2;14;131
9;18;3;15;220
9;18;4;12;143
9;18;5;32;284
9;18;6;41;426
9;19;0;46;420
9;19;1;29;346
9;19;2;18;172
9;19;3;10;7
9;19;4;43;17
9;19;5;7;110
9;19;6;34;306
9;20;0;11;292
9;20;1;21;9
9;20;2;13;316
9;20;3;43;201
9;20;4;15;443
9;20;5;20;159
9;20;6;26;157
9;21;0;21;284
9;21;1;47;34
9;21;2;25;147
9;21;3;34;212
9;21;4;31;235
9;21;5;16;380
9;21;6;39;351
9;22;0;1;245
9;22;1;43;393
9;22;2;43;217
9;22;3;10;351
9;22;4;5;281
9;22;5;45;196
9;22;6;20;115
9;23;0;17;415
9;23;1;36;140
9;23;2;28;81
9;23;3;32;170
9;23;4;13;177
9;23;5;36;231
9;23;6;8;19
9;24;0;3;46
9;24;1;8;216
9;24;2;41;239
9;24;3;42;116
9;24;4;42;118
9;24;5;43;87
9;24;6;46;420
9;25;0;29;265
9;25;1;18;176
9;25;2;20;117
9;25;3;7;15
9;25;4;44;386
9;25;5;49;164
9;25;6;36;388
9;26;0;12;309
9;26;1;1;46
9;26;2;14;3
9;26;3;50;44
9;26;4;40;196
9;26;5;15;351
9;26;6;48;132
9;27;0;13;133
9;27;1;27;22
9;27;2;17;54
9;27;3;23;75
9;27;4;44;182
9;27;5;16;231
9;27;6;9;33
10;0;0;37;75
10;0;1;34;190
10;0;2;40;217
10;0;3;19;295
10;0;4;30;428
10;0;5;39;415
10;0;6;49;102
10;1;0;33;275
10;1;1;24;416
10;1;2;18;101
10;1;3;24;253
10;1;4;8;30
10;1;5;48;385
10;1;6;20;344
10;2;0;26;59
10;2;1;46;358
10;2;2;47;177
10;2;3;10;84
10;2;4;36;155
10;2;5;11;136
10;2;6;22;1
10;3;0;24;303
10;3;1;7;94
10;3;2;11;47
10;3;3;47;308
10;3;4;30;113
10;3;5;25;33
10;3;6;18;207
10;4;0;45;256
10;4;1;1;65
10;4;2;39;133
10;4;3;8;183
10;4;4;4;298
10;4;5;46;213
10;4;6;7;339
10;5;0;44;272
10;5;1;10;413
10;5;2;1;78
10;5;3;42;152
10;5;4;43;297
10;5;5;20;41
10;5;6;49;322
10;6;0;43;301
10;6;1;25;167
10;6;2;17;90
10;6;3;49;308
10;6;4;1;241
10;6;5;20;355
10;6;6;46;63
10;7;0;28;278
10;7;1;24;114
10;7;2;12;54
10;7;3;28;434
10;7;4;33;430
10;7;5;17;429
10;7;6;33;167
10;8;0;31;120
10;8;1;38;87
10;8;2;14;106
10;8;3;40;362
10;8;4;17;337
10;8;5;9;258
10;8;6;18;53
10;9;0;44;316
10;9;1;32;324
10;9;2;27;278
10;9;3;42;31
10;9;4;15;136
10;9;5;31;391
10;9;6;16;18
10;10;0;1;198
10;10;1;34;260
10;10;2;25;190
10;10;3;18;130
10;10;4;36;154
10;10;5;38;295
10;10;6;1;216
10;11;0;6;295
10;11;1;33;164
10;11;2;5;237
10;11;3;24;420
10;11;4;48;431
10;11;5;24;51
10;11;6;35;383
10;12;0;27;120
10;12;1;7;335
10;12;2;11;24
10;12;3;23;148
10;12;4;32;22
10;12;5;39;160
10;12;6;30;190
10;13;0;21;30
10;13;1;47;426
10;13;2;12;119
10;13;3;43;125
10;13;4;20;236
10;13;5;2;265
10;13;6;4;350
10;14;0;16;74
10;14;1;30;161
10;14;2;10;276
10;14;3;21;184
10;14;4;40;246
10;14;5;44;49
10;14;6;18;123
10;15;0;48;65
10;15;1;36;351
10;15;2;39;199
10;15;3;33;435
10;15;4;6;92
10;15;5;15;164
10;15;6;1;16
10;16;0;17;266
10;16;1;23;233
10;16;2;20;389
10;16;3;21;218
10;16;4;46;126
10;16;5;20;138
10;16;6;29;163
10;17;0;45;417
10;17;1;34;430
10;17;2;49;68
10;17;3;32;16
10;17;4;34;316
10;17;5;9;287
10;17;6;32;346
10;18;0;50;83
10;18;1;9;48
10;18;2;9;53
10;18;3;40;126
10;18;4;22;327
10;18;5;21;434
10;18;6;18;409
10;19;0;31;335
10;19;1;39;77
10;19;2;27;184
10;19;3;38;348
10;19;4;47;323
10;19;5;47;102
10;19;6;40;95
10;20;0;41;69
10;20;1;45;244
10;20;2;21;152
10;20;3;11;179
10;20;4;32;443
10;20;5;5;291
10;20;6;45;261
10;21;0;24;189
10;21;1;29;272
10;21;2;3;62
10;21;3;21;433
10;21;4;29;318
10;21;5;20;144
10;21;6;1;382
10;22;0;32;401
10;22;1;43;14
10;22;2;23;237
10;22;3;26;226
10;22;4;39;337
10;22;5;5;42
10;22;6;16;415
10;23;0;47;20
10;23;1;48;302
10;23;2;36;327
10;23;3;21;252
10;23;4;32;419
10;23;5;45;432
10;23;6;40;183
10;24;0;9;208
10;24;1;39;95
10;24;2;40;30
10;24;3;3;301
10;24;4;9;142
10;24;5;21;6
10;24;6;13;95
10;25;0;16;287
10;25;1;4;420
10;25;2;17;375
10;25;3;13;171
10;25;4;5;210
10;25;5;36;276
10;25;6;29;308
10;26;0;15;399
10;26;1;4;279
10;26;2;5;317
10;26;3;28;100
10;26;4;9;12
10;26;5;22;67
10;26;6;47;407
10;27;0;33;374
10;27;1;10;253
10;27;2;15;243
10;27;3;17;299
10;27;4;35;180
10;27;5;20;145
10;27;6;8;379
11;0;0;12;393
11;0;1;38;111
11;0;2;27;286
11;0;3;29;390
11;0;4;17;214
11;0;5;12;200
11;0;6;4;199
11;1;0;20;427
11;1;1;22;79
11;1;2;25;240
11;1;3;36;22
11;1;4;13;158
11;1;5;12;306
11;1;6;50;347
11;2;0;34;298
11;2;1;10;230
11;2;2;36;282
11;2;3;28;346
11;2;4;42;282
11;2;5;26;219
11;2;6;33;42
11;3;0;38;111
11;3;1;24;81
11;3;2;22;204
11;3;3;32;224
11;3;4;21;318
11;3;5;45;298
11;3;6;1;298
11;4;0;27;19
11;4;1;45;426
11;4;2;39;379
11;4;3;22;265
11;4;4;27;206
11;4;5;26;430
11;4;6;36;233
11;5;0;18;46
11;5;1;41;126
11;5;2;43;358
11;5;3;35;306
11;5;4;20;245
11;5;5;44;405
11;5;6;38;314
11;6;0;48;21
11;6;1;36;251
11;6;2;29;306
11;6;3;11;279
11;6;4;23;235
11;6;5;10;85
11;6;6;23;211
11;7;0;50;283
11;7;1;19;133
11;7;2;10;289
11;7;3;39;92
11;7;4;27;218
11;7;5;4;186
11;7;6;4;105
11;8;0;50;329
11;8;1;21;425
11;8;2;24;0
11;8;3;15;234
11;8;4;35;350
11;8;5;11;254
11;8;6;45;95
11;9;0;36;291
11;9;1;34;30
11;9;2;21;51
11;9;3;9;336
11;9;4;24;431
11;9;5;18;111
11;9;6;32;10
11;10;0;13;415
11;10;1;41;364
11;10;2;24;366
11;10;3;9;379
11;10;4;10;173
11;10;5;26;218
11;10;6;23;447
11;11;0;6;355
11;11;1;47;299
11;11;2;43;174
11;11;3;20;226
11;11;4;12;186
11;11;5;6;0
11;11;6;5;320
11;12;0;18;321
11;12;1;1;159
11;12;2;32;205
11;12;3;26;296
11;12;4;15;288
11;12;5;20;333
11;12;6;8;64
11;13;0;10;54
11;13;1;17;376
11;13;2;46;77
11;13;3;45;77
11;13;4;12;419
11;13;5;12;61
11;13;6;18;349
11;14;0;4;279
11;14;1;30;216
11;14;2;19;57
11;14;3;48;46
11;14;4;19;28
11;14;5;35;358
11;14;6;20;365
11;15;0;15;18
11;15;1;44;125
11;15;2;28;411
11;15;3;13;131
11;15;4;14;408
11;15;5;3;201
11;15;6;41;116
11;16;0;29;163
11;16;1;17;422
11;16;2;19;109
11;16;3;17;341
11;16;4;33;341
11;16;5;38;262
11;16;6;29;428
11;17;0;2;73
11;17;1;43;433
11;17;2;16;371
11;17;3;10;394
11;17;4;40;120
11;17;5;43;209
11;17;6;37;107
11;18;0;40;129
11;18;1;23;360
11;18;2;25;390
11;18;3;12;147
11;18;4;7;94
11;18;5;32;96
11;18;6;43;408
11;19;0;8;354
11;19;1;30;59
11;19;2;42;146
11;19;3;6;376
11;19;4;28;103
11;19;5;3;324
11;19;6;1;17
11;20;0;41;216
11;20;1;35;125
11;20;2;47;2
11;20;3;25;325
11;20;4;40;288
11;20;5;35;190
11;20;6;40;52
11;21;0;36;116
11;21;1;6;156
11;21;2;14;343
11;21;3;2;429
11;21;4;12;348
11;21;5;2;12
11;21;6;10;317
11;22;0;7;97
11;22;1;26;243
11;22;2;1;427
11;22;3;7;369
11;22;4;48;321
11;22;5;45;171
11;22;6;17;230
11;23;0;14;170
11;23;1;46;284
11;23;2;14;172
11;23;3;28;153
11;23;4;15;107
11;23;5;12;175
11;23;6;33;201
11;24;0;9;272
11;24;1;22;54
11;24;2;40;130
11;24;3;7;368
11;24;4;27;269
11;24;5;14;238
11;24;6;5;394
11;25;0;44;135
11;25;1;38;274
11;25;2;21;20
11;25;3;19;138
11;25;4;19;329
11;25;5;19;279
11;25;6;22;281
11;26;0;36;131
11;26;1;36;335
11;26;2;41;422
11;26;3;17;216
11;26;4;43;57
11;26;5;35;333
11;26;6;17;447
11;27;0;41;256
11;27;1;23;172
11;27;2;5;94
11;27;3;13;39
11;27;4;25;425
11;27;5;19;265
11;27;6;12;321
12;0;0;49;56
12;0;1;16;96
12;0;2;36;244
12;0;3;16;74
12;0;4;37;158
12;0;5;37;431
12;0;6;45;358
12;1;0;9;21
12;1;1;15;260
12;1;2;33;217
12;1;3;36;348
12;1;4;35;324
12;1;5;39;178
12;1;6;41;344
12;2;0;34;18
12;2;1;8;227
12;2;2;30;42
12;2;3;32;216
12;2;4;22;311
12;2;5;15;155
12;2;6;30;45
12;3;0;50;300
12;3;1;33;187
12;3;2;3;104
12;3;3;26;30
12;3;4;28;213
12;3;5;10;265
12;3;6;18;216
12;4;0;15;22
12;4;1;32;175
12;4;2;36;10
12;4;3;11;280
12;4;4;44;364
12;4;5;38;336
12;4;6;45;189
12;5;0;37;401
12;5;1;29;370
12;5;2;15;272
12;5;3;16;30
12;5;4;10;393
12;5;5;33;357
12;5;6;19;47
12;6;0;47;58
12;6;1;7;326
12;6;2;15;186
12;6;3;4;284
12;6;4;46;80
12;6;5;17;348
12;6;6;33;197
12;7;0;3;93
12;7;1;23;400
12;7;2;22;212
12;7;3;28;171
12;7;4;41;179
12;7;5;21;133
12;7;6;36;422
12;8;0;14;234
12;8;1;24;200
12;8;2;26;401
12;8;3;35;256
12;8;4;46;404
12;8;5;16;58
12;8;6;32;445
12;9;0;37;351
12;9;1;43;314
12;9;2;29;365
12;9;3;26;423
12;9;4;39;289
12;9;5;35;328
12;9;6;30;187
12;10;0;30;315
12;10;1;32;414
12;10;2;15;291
12;10;3;25;390
12;10;4;27;110
12;10;5;9;87
12;10;6;4;1
12;11;0;49;406
12;11;1;18;75
12;11;2;45;77
12;11;3;42;138
12;11;4;10;157
12;11;5;11;129
12;11;6;2;94
12;12;0;12;44
12;12;1;17;110
12;12;2;22;252
12;12;3;30;420
12;12;4;39;299
12;12;5;33;344
12;12;6;18;28
12;13;0;49;219
12;13;1;2;310
12;13;2;49;163
12;13;3;30;169
12;13;4;28;42
12;13;5;16;240
12;13;6;5;205
12;14;0;21;227
12;14;1;37;393
12;14;2;43;161
12;14;3;41;261
12;14;4;21;295
12;14;5;3;110
12;14;6;6;154
12;15;0;17;210
12;15;1;1;119
12;15;2;19;62
12;15;3;42;86
12;15;4;41;387
12;15;5;13;27
12;15;6;14;16
12;16;0;50;291
12;16;1;13;315
12;16;2;22;304
12;16;3;15;16
12;16;4;28;50
12;16;5;24;433
12;16;6;45;1
12;17;0;20;132
12;17;1;40;328
12;17;2;26;66
12;17;3;33;286
12;17;4;14;448
12;17;5;44;92
12;17;6;26;345
12;18;0;34;198
12;18;1;48;47
12;18;2;25;374
12;18;3;49;305
12;18;4;46;418
12;18;5;17;325
12;18;6;41;351
12;19;0;49;24
12;19;1;7;52
12;19;2;13;221
12;19;3;1;62
12;19;4;20;206
12;19;5;25;210
12;19;6;21;155
12;20;0;31;150
12;20;1;34;257
12;20;2;29;148
12;20;3;13;51
12;20;4;49;163
12;20;5;18;45
12;20;6;12;34
12;21;0;5;297
12;21;1;24;231
12;21;2;11;159
12;21;3;49;169
12;21;4;23;22
12;21;5;2;77
12;21;6;5;322
12;22;0;40;410
12;22;1;23;244
12;22;2;47;369
12;22;3;6;273
12;22;4;18;386
12;22;5;9;344
12;22;6;6;69
12;23;0;26;317
12;23;1;26;277
12;23;2;49;209
12;23;3;5;47
12;23;4;12;380
12;23;5;22;14
12;23;6;5;319
12;24;0;12;395
12;24;1;48;159
12;24;2;25;79
12;24;3;12;5
12;24;4;39;369
12;24;5;44;227
12;24;6;26;13
12;25;0;45;170
12;25;1;30;97
12;25;2;17;73
12;25;3;14;42
12;25;4;18;87
12;25;5;48;278
12;25;6;22;77
12;26;0;10;8
12;26;1;23;289
12;26;2;49;100
12;26;3;10;3
12;26;4;35;271
12;26;5;14;399
12;26;6;7;59
12;27;0;15;251
12;27;1;1;318
12;27;2;25;278
12;27;3;8;374
12;27;4;36;78
12;27;5;40;170
12;27;6;37;272
13;0;0;19;38
13;0;1;10;274
13;0;2;8;131
13;0;3;21;268
13;0;4;26;1
13;0;5;39;5
13;0;6;30;25
13;1;0;22;357
13;1;1;23;40
13;1;2;21;330
13;1;3;23;140
13;1;4;25;201
13;1;5;30;283
13;1;6;12;333
13;2;0;21;210
13;2;1;16;435
13;2;2;5;402
13;2;3;26;384
13;2;4;34;17
13;2;5;15;315
13;2;6;30;101
13;3;0;34;353
13;3;1;43;373
13;3;2;30;99
13;3;3;24;317
13;3;4;16;305
13;3;5;21;89
13;3;6;35;9
13;4;0;44;33
13;4;1;41;195
13;4;2;14;115
13;4;3;20;50
13;4;4;30;192
13;4;5;41;330
13;4;6;8;68
13;5;0;36;91
13;5;1;20;194
13;5;2;16;337
13;5;3;19;179
13;5;4;28;421
13;5;5;4;17
13;5;6;13;127
13;6;0;41;404
13;6;1;3;292
13;6;2;24;203
13;6;3;30;18
13;6;4;43;172
13;6;5;14;286
13;6;6;46;22
13;7;0;18;277
13;7;1;38;247
13;7;2;33;89
13;7;3;13;290
13;7;4;48;188
13;7;5;25;117
13;7;6;48;47
13;8;0;3;276
13;8;1;41;145
13;8;2;49;109
13;8;3;17;345
13;8;4;20;37
13;8;5;46;33
13;8;6;17;178
13;9;0;7;325
13;9;1;40;160
13;9;2;49;101
13;9;3;19;72
13;9;4;50;411
13;9;5;43;220
13;9;6;30;420
13;10;0;16;294
13;10;1;35;49
13;10;2;43;375
13;10;3;36;212
13;10;4;2;362
13;10;5;45;380
13;10;6;18;200
13;11;0;46;15
13;11;1;3;21
13;11;2;45;387
13;11;3;37;127
13;11;4;5;288
13;11;5;19;130
13;11;6;43;357
13;12;0;15;254
13;12;1;47;72
13;12;2;33;294
13;12;3;25;372
13;12;4;32;442
13;12;5;3;14
13;12;6;7;362
13;13;0;32;382
13;13;1;39;113
13;13;2;35;186
13;13;3;19;205
13;13;4;22;262
13;13;5;47;247
13;13;6;50;339
13;14;0;4;77
13;14;1;49;268
13;14;2;5;276
13;14;3;4;181
13;14;4;22;277
13;14;5;35;75
13;14;6;49;15
13;15;0;19;297
13;15;1;13;341
13;15;2;1;186
13;15;3;29;332
13;15;4;43;111
13;15;5;35;57
13;15;6;28;246
13;16;0;20;379
13;16;1;27;363
13;16;2;13;307
13;16;3;43;417
13;16;4;3;445
13;16;5;27;391
13;16;6;45;166
13;17;0;10;77
13;17;1;11;175
13;17;2;8;86
13;17;3;13;1
13;17;4;20;382
13;17;5;30;414
13;17;6;32;3
13;18;0;27;423
13;18;1;45;281
13;18;2;20;371
13;18;3;9;17
13;18;4;4;365
13;18;5;50;237
13;18;6;42;87
13;19;0;10;179
13;19;1;37;381
13;19;2;4;410
13;19;3;2;352
13;19;4;5;200
13;19;5;30;117
13;19;6;2;145
13;20;0;9;188
13;20;1;7;114
13;20;2;18;150
13;20;3;3;371
13;20;4;36;257
13;20;5;44;98
13;20;6;40;251
13;21;0;41;403
13;21;1;22;231
13;21;2;37;161
13;21;3;1;447
13;21;4;2;351
13;21;5;46;165
13;21;6;25;188
13;22;0;49;446
13;22;1;38;138
13;22;2;18;85
13;22;3;49;446
13;22;4;43;140
13;22;5;5;247
13;22;6;24;306
13;23;0;27;336
13;23;1;17;134
13;23;2;42;421
13;23;3;29;13
13;23;4;4;340
13;23;5;46;143
13;23;6;34;251
13;24;0;17;286
13;24;1;8;288
13;24;2;11;386
13;24;3;14;59
13;24;4;45;357
13;24;5;4;344
13;24;6;17;315
13;25;0;40;354
13;25;1;12;240
13;25;2;47;253
13;25;3;37;70
13;25;4;13;59
13;25;5;21;433
13;25;6;21;137
13;26;0;30;236
13;26;1;21;196
13;26;2;43;305
13;26;3;41;206
13;26;4;29;401
13;26;5;42;278
13;26;6;31;341
13;27;0;20;47
13;27;1;23;34
13;27;2;11;129
13;27;3;10;52
13;27;4;10;350
13;27;5;37;117
13;27;6;15;330
14;0;0;18;134
14;0;1;4;398
14;0;2;41;401
14;0;3;31;293
14;0;4;12;191
14;0;5;44;130
14;0;6;48;399
14;1;0;26;389
14;1;1;4;400
14;1;2;28;433
14;1;3;25;125
14;1;4;41;339
14;1;5;26;54
14;1;6;10;246
14;2;0;20;429
14;2;1;45;144
14;2;2;29;12
14;2;3;44;281
14;2;4;34;323
14;2;5;17;105
14;2;6;24;310
14;3;0;41;384
14;3;1;3;339
14;3;2;39;206
14;3;3;4;25
14;3;4;47;405
14;3;5;14;304
14;3;6;32;55
14;4;0;24;166
14;4;1;39;24
14;4;2;16;176
14;4;3;19;237
14;4;4;23;283
14;4;5;40;328
14;4;6;3;329
14;5;0;22;258
14;5;1;6;93
14;5;2;27;84
14;5;3;23;268
14;5;4;18;201
14;5;5;22;402
14;5;6;11;71
14;6;0;3;315
14;6;1;32;66
14;6;2;30;359
14;6;3;5;263
14;6;4;27;47
14;6;5;3;209
14;6;6;1;392
14;7;0;37;118
14;7;1;9;119
14;7;2;4;40
14;7;3;11;295
14;7;4;40;70
14;7;5;29;137
14;7;6;38;66
14;8;0;13;331
14;8;1;30;395
14;8;2;11;367
14;8;3;11;317
14;8;4;2;106
14;8;5;15;423
14;8;6;16;439
14;9;0;27;430
14;9;1;28;211
14;9;2;12;115
14;9;3;17;1
14;9;4;45;337
14;9;5;48;91
14;9;6;18;304
14;10;0;47;258
14;10;1;33;399
14;10;2;46;20
14;10;3;46;359
14;10;4;1;420
14;10;5;5;22
14;10;6;33;43
14;11;0;20;32
14;11;1;40;314
14;11;2;33;10
14;11;3;40;39
14;11;4;22;236
14;11;5;1;365
14;11;6;21;407
14;12;0;18;392
14;12;1;50;83
14;12;2;44;207
14;12;3;6;249
14;12;4;43;144
14;12;5;19;448
14;12;6;8;309
14;13;0;2;201
14;13;1;30;333
14;13;2;7;157
14;13;3;10;227
14;13;4;2;108
14;13;5;30;353
14;13;6;6;19
14;14;0;40;409
14;14;1;10;48
14;14;2;47;78
14;14;3;36;39
14;14;4;45;86
14;14;5;43;24
14;14;6;32;370
14;15;0;19;436
14;15;1;25;395
14;15;2;34;408
14;15;3;21;48
14;15;4;48;382
14;15;5;45;359
14;15;6;6;253
14;16;0;15;379
14;16;1;38;252
14;16;2;7;143
14;16;3;21;370
14;16;4;14;218
14;16;5;11;94
14;16;6;29;74
14;17;0;11;94
14;17;1;36;261
14;17;2;20;411
14;17;3;35;422
14;17;4;3;366
14;17;5;22;327
14;17;6;40;395
14;18;0;40;356
14;18;1;23;64
14;18;2;36;15
14;18;3;7;362
14;18;4;47;191
14;18;5;11;243
14;18;6;26;133
14;19;0;27;320
14;19;1;37;429
14;19;2;26;102
14;19;3;17;253
14;19;4;43;404
14;19;5;29;376
14;19;6;24;52
14;20;0;12;315
14;20;1;3;405
14;20;2;13;107
14;20;3;25;393
14;20;4;8;76
14;20;5;17;47
14;20;6;12;352
14;21;0;6;421
14;21;1;46;393
14;21;2;1;160
14;21;3;14;423
14;21;4;20;64
14;21;5;44;353
14;21;6;42;312
14;22;0;21;322
14;22;1;29;266
14;22;2;22;120
14;22;3;34;156
14;22;4;19;313
14;22;5;36;297
14;22;6;39;369
14;23;0;36;423
14;23;1;48;341
14;23;2;27;277
14;23;3;11;231
14;23;4;29;27
14;23;5;49;102
14;23;6;6;411
14;24;0;42;88
14;24;1;34;303
14;24;2;34;402
14;24;3;48;424
14;24;4;12;231
14;24;5;15;277
14;24;6;11;118
14;25;0;10;70
14;25;1;40;229
14;25;2;18;423
14;25;3;35;277
14;25;4;44;88
14;25;5;46;3
14;25;6;11;237
14;26;0;50;245
14;26;1;13;397
14;26;2;28;316
14;26;3;40;163
14;26;4;13;302
14;26;5;9;111
14;26;6;27;379
14;27;0;43;240
14;27;1;24;381
14;27;2;35;254
14;27;3;49;69
14;27;4;45;73
14;27;5;15;398
14;27;6;47;386
15;0;0;22;346
15;0;1;8;102
15;0;2;13;87
15;0;3;40;14
15;0;4;2;200
15;0;5;40;435
15;0;6;46;148
15;1;0;31;129
15;1;1;10;277
15;1;2;6;243
15;1;3;1;440
15;1;4;1;165
15;1;5;32;304
15;1;6;45;106
15;2;0;15;199
15;2;1;13;122
15;2;2;16;382
15;2;3;4;291
15;2;4;15;323
15;2;5;7;426
15;2;6;26;153
15;3;0;12;398
15;3;1;33;372
15;3;2;20;244
15;3;3;35;226
15;3;4;44;14
15;3;5;40;159
15;3;6;42;414
15;4;0;43;413
15;4;1;29;121
15;4;2;10;404
15;4;3;37;215
15;4;4;38;183
15;4;5;29;295
15;4;6;49;80
15;5;0;49;309
15;5;1;40;59
15;5;2;23;74
15;5;3;29;431
15;5;4;22;210
15;5;5;43;444
15;5;6;37;300
15;6;0;49;121
15;6;1;26;262
15;6;2;26;41
15;6;3;11;207
15;6;4;2;199
15;6;5;20;182
15;6;6;7;12
15;7;0;1;322
15;7;1;10;285
15;7;2;39;386
15;7;3;2;197
15;7;4;32;221
15;7;5;22;313
15;7;6;12;181
15;8;0;4;253
15;8;1;32;172
15;8;2;42;405
15;8;3;41;367
15;8;4;1;265
15;8;5;13;412
15;8;6;6;95
15;9;0;8;376
15;9;1;25;255
15;9;2;8;350
15;9;3;48;7
15;9;4;39;147
15;9;5;50;191
15;9;6;35;99
15;10;0;34;435
15;10;1;26;139
15;10;2;17;287
15;10;3;41;63
15;10;4;28;418
15;10;5;33;152
15;10;6;2;116
15;11;0;41;22
15;11;1;28;296
15;11;2;19;78
15;11;3;37;71
15;11;4;21;119
15;11;5;29;135
15;11;6;43;215
15;12;0;48;34
15;12;1;15;367
15;12;2;11;134
15;12;3;28;138
15;12;4;8;400
15;12;5;32;373
15;12;6;26;202
15;13;0;34;419
15;13;1;43;387
15;13;2;2;418
15;13;3;36;291
15;13;4;20;240
15;13;5;49;94
15;13;6;37;121
15;14;0;47;436
15;14;1;16;60
15;14;2;6;213
15;14;3;10;347
15;14;4;41;157
15;14;5;7;143
15;14;6;11;122
15;15;0;7;250
15;15;1;19;228
15;15;2;25;123
15;15;3;46;358
15;15;4;12;48
15;15;5;29;82
15;15;6;2;247
15;16;0;14;102
15;16;1;18;160
15;16;2;2;165
15;16;3;30;84
15;16;4;27;355
15;16;5;6;312
15;16;6;46;375
15;17;0;36;434
15;17;1;46;90
15;17;2;41;240
15;17;3;32;337
15;17;4;29;133
15;17;5;47;168
15;17;6;17;194
15;18;0;30;144
15;18;1;6;9
15;18;2;43;156
15;18;3;46;178
15;18;4;46;319
15;18;5;20;107
15;18;6;30;9
15;19;0;48;18
15;19;1;40;65
15;19;2;45;345
15;19;3;36;81
15;19;4;9;209
15;19;5;3;430
15;19;6;36;365
15;20;0;25;164
15;20;1;22;350
15;20;2;12;73
15;20;3;28;326
15;20;4;12;283
15;20;5;26;44
15;20;6;5;402
15;21;0;32;145
15;21;1;38;319
15;21;2;14;334
15;21;3;47;328
15;21;4;10;302
15;21;5;23;81
15;21;6;10;400
15;22;0;32;432
15;22;1;40;157
15;22;2;39;79
15;22;3;47;430
15;22;4;35;58
15;22;5;48;394
15;22;6;22;342
15;23;0;14;293
15;23;1;33;307
15;23;2;8;82
15;23;3;43;180
15;23;4;1;14
15;23;5;39;240
15;23;6;19;71
15;24;0;38;113
15;24;1;5;291
15;24;2;46;206
15;24;3;21;22
15;24;4;42;344
15;24;5;49;442
15;24;6;30;394
15;25;0;20;423
15;25;1;39;240
15;25;2;18;329
15;25;3;32;155
15;25;4;47;366
15;25;5;44;166
15;25;6;47;361
15;26;0;29;166
15;26;1;20;429
15;26;2;10;43
15;26;3;35;108
15;26;4;50;375
15;26;5;26;423
15;26;6;12;40
15;27;0;19;364
15;27;1;13;168
15;27;2;15;124
15;27;3;29;3
15;27;4;9;137
15;27;5;16;169
15;27;6;2;413
16;0;0;22;97
16;0;1;26;232
16;0;2;10;286
16;0;3;49;196
16;0;4;14;80
16;0;5;26;411
16;0;6;44;233
16;1;0;25;52
16;1;1;45;68
16;1;2;36;349
16;1;3;40;305
16;1;4;32;231
16;1;5;20;273
16;1;6;32;21
16;2;0;42;319
16;2;1;4;217
16;2;2;4;232
16;2;3;43;228
16;2;4;44;83
16;2;5;18;115
16;2;6;37;128
16;3;0;48;205
16;3;1;39;56
16;3;2;40;421
16;3;3;15;77
16;3;4;30;226
16;3;5;31;159
16;3;6;19;344
16;4;0;34;358
16;4;1;35;410
16;4;2;41;195
16;4;3;28;124
16;4;4;24;423
16;4;5;43;64
16;4;6;40;233
16;5;0;12;134
16;5;1;33;78
16;5;2;38;342
16;5;3;7;171
16;5;4;21;357
16;5;5;49;56
16;5;6;45;40
16;6;0;43;12
16;6;1;21;348
16;6;2;13;142
16;6;3;8;438
16;6;4;22;51
16;6;5;16;276
16;6;6;30;331
16;7;0;3;443
16;7;1;23;340
16;7;2;10;44
16;7;3;5;268
16;7;4;23;219
16;7;5;30;275
16;7;6;18;253
16;8;0;35;213
16;8;1;11;269
16;8;2;35;194
16;8;3;11;187
16;8;4;2;165
16;8;5;11;280
16;8;6;31;408
16;9;0;32;140
16;9;1;32;346
16;9;2;25;394
16;9;3;19;310
16;9;4;42;25
16;9;5;23;418
16;9;6;32;141
16;10;0;36;196
16;10;1;41;198
16;10;2;42;424
16;10;3;29;289
16;10;4;46;183
16;10;5;31;358
16;10;6;10;346
16;11;0;7;404
16;11;1;25;118
16;11;2;42;140
16;11;3;39;277
16;11;4;7;336
16;11;5;47;343
16;11;6;12;279
16;12;0;34;399
16;12;1;47;204
16;12;2;46;227
16;12;3;33;383
16;12;4;31;144
16;12;5;21;215
16;12;6;8;87
16;13;0;25;71
16;13;1;1;387
16;13;2;30;418
16;13;3;22;216
16;13;4;35;70
16;13;5;16;412
16;13;6;40;160
16;14;0;20;41
16;14;1;40;168
16;14;2;27;278
16;14;3;36;344
16;14;4;43;345
16;14;5;10;409
16;14;6;40;414
16;15;0;9;367
16;15;1;50;185
16;15;2;24;73
16;15;3;28;25
16;15;4;18;135
16;15;5;23;153
16;15;6;32;155
16;16;0;10;92
16;16;1;49;1
16;16;2;12;37
16;16;3;33;63
16;16;4;22;75
16;16;5;20;254
16;16;6;3;290
16;17;0;18;19
16;17;1;38;306
16;17;2;18;206
16;17;3;9;32
16;17;4;45;354
16;17;5;10;92
16;17;6;8;394
16;18;0;15;411
16;18;1;45;437
16;18;2;9;203
16;18;3;12;284
16;18;4;44;281
16;18;5;2;270
16;18;6;34;207
16;19;0;9;36
16;19;1;3;104
16;19;2;11;126
16;19;3;3;107
16;19;4;48;137
16;19;5;19;220
16;19;6;42;311
16;20;0;5;389
16;20;1;30;110
16;20;2;22;56
16;20;3;38;37
16;20;4;49;150
16;20;5;25;289
16;20;6;12;120
16;21;0;45;341
16;21;1;20;20
16;21;2;13;447
16;21;3;6;409
16;21;4;15;271
16;21;5;44;219
16;21;6;45;401
16;22;0;25;204
16;22;1;7;429
16;22;2;22;296
16;22;3;10;84
16;22;4;39;167
16;22;5;40;146
16;22;6;44;267
16;23;0;9;319
16;23;1;45;20
16;23;2;12;15
16;23;3;50;282
16;23;4;14;202
16;23;5;26;329
16;23;6;5;183
16;24;0;12;12
16;24;1;31;383
16;24;2;1;24
16;24;3;16;353
16;24;4;41;47
16;24;5;49;12
16;24;6;45;75
16;25;0;25;297
16;25;1;50;392
16;25;2;16;107
16;25;3;26;374
16;25;4;23;442
16;25;5;38;321
16;25;6;11;142
16;26;0;20;265
16;26;1;26;184
16;26;2;39;402
16;26;3;9;409
16;26;4;18;182
16;26;5;32;284
16;26;6;15;68
16;27;0;15;327
16;27;1;8;26
16;27;2;47;333
16;27;3;21;105
16;27;4;20;204
16;27;5;25;114
16;27;6;17;257
17;0;0;32;47
17;0;1;6;121
17;0;2;21;22
17;0;3;1;320
17;0;4;1;347
17;0;5;25;98
17;0;6;30;346
17;1;0;29;238
17;1;1;47;447
17;1;2;36;408
17;1;3;50;257
17;1;4;6;367
17;1;5;33;326
17;1;6;14;141
17;2;0;15;284
17;2;1;29;150
17;2;2;26;32
17;2;3;26;108
17;2;4;49;120
17;2;5;12;245
17;2;6;31;202
17;3;0;4;409
17;3;1;42;58
17;3;2;45;341
17;3;3;8;314
17;3;4;30;166
17;3;5;41;106
17;3;6;11;428
17;4;0;31;274
17;4;1;20;417
17;4;2;11;410
17;4;3;30;90
17;4;4;21;114
17;4;5;7;417
17;4;6;12;57
17;5;0;31;116
17;5;1;43;443
17;5;2;13;61
17;5;3;15;366
17;5;4;49;0
17;5;5;8;26
17;5;6;35;35
17;6;0;47;228
17;6;1;23;344
17;6;2;32;380
17;6;3;16;35
17;6;4;26;20
17;6;5;10;408
17;6;6;4;171
17;7;0;9;159
17;7;1;24;23
17;7;2;17;149
17;7;3;27;186
17;7;4;8;33
17;7;5;8;379
17;7;6;22;81
17;8;0;15;200
17;8;1;19;298
17;8;2;39;294
17;8;3;21;250
17;8;4;40;356
17;8;5;46;25
17;8;6;27;176
17;9;0;18;147
17;9;1;38;411
17;9;2;29;259
17;9;3;43;112
17;9;4;32;315
17;9;5;1;271
17;9;6;11;177
17;10;0;47;213
17;10;1;15;340
17;10;2;8;394
17;10;3;22;315
17;10;4;47;168
17;10;5;32;275
17;10;6;2;248
17;11;0;45;1
17;11;1;44;294
17;11;2;19;147
17;11;3;15;151
17;11;4;33;433
17;11;5;22;118
17;11;6;5;371
17;12;0;44;236
17;12;1;13;280
17;12;2;34;134
17;12;3;46;369
17;12;4;27;132
17;12;5;38;280
17;12;6;13;146
17;13;0;8;177
17;13;1;45;26
17;13;2;17;250
17;13;3;20;426
17;13;4;21;263
17;13;5;24;390
17;13;6;42;128
17;14;0;28;106
17;14;1;22;239
17;14;2;29;360
17;14;3;13;267
17;14;4;34;147
17;14;5;5;82
17;14;6;41;8
17;15;0;50;242
17;15;1;42;227
17;15;2;15;324
17;15;3;7;157
17;15;4;14;91
17;15;5;22;327
17;15;6;28;140
17;16;0;29;254
17;16;1;14;400
17;16;2;19;130
17;16;3;37;284
17;16;4;41;440
17;16;5;26;162
17;16;6;36;123
17;17;0;49;123
17;17;1;27;253
17;17;2;3;100
17;17;3;48;149
17;17;4;44;181
17;17;5;36;216
17;17;6;47;335
17;18;0;48;104
17;18;1;19;320
17;18;2;27;345
17;18;3;23;322
17;18;4;34;308
17;18;5;21;336
17;18;6;26;443
17;19;0;20;334
17;19;1;11;408
17;19;2;42;114
17;19;3;13;3
17;19;4;36;344
17;19;5;26;167
17;19;6;3;189
17;20;0;45;397
17;20;1;46;6
17;20;2;23;139
17;20;3;8;156
17;20;4;19;128
17;20;5;34;287
17;20;6;4;51
17;21;0;38;100
17;21;1;27;420
17;21;2;49;143
17;21;3;7;230
17;21;4;48;324
17;21;5;48;360
17;21;6;39;377
17;22;0;13;360
17;22;1;36;336
17;22;2;37;246
17;22;3;25;154
17;22;4;36;142
17;22;5;9;345
17;22;6;25;383
17;23;0;13;423
17;23;1;41;269
17;23;2;15;93
17;23;3;12;312
17;23;4;25;116
17;23;5;17;439
17;23;6;3;80
17;24;0;14;431
17;24;1;4;148
17;24;2;45;139
17;24;3;26;35
17;24;4;13;378
17;24;5;35;329
17;24;6;17;384
17;25;0;11;313
17;25;1;4;342
17;25;2;9;299
17;25;3;16;343
17;25;4;36;11
17;25;5;14;348
17;25;6;22;136
17;26;0;12;71
17;26;1;10;339
17;26;2;22;309
17;26;3;42;197
17;26;4;13;370
17;26;5;23;247
17;26;6;18;149
17;27;0;17;301
17;27;1;31;17
17;27;2;11;382
17;27;3;9;61
17;27;4;19;280
17;27;5;4;175
17;27;6;19;160
18;0;0;3;70
18;0;1;14;296
18;0;2;6;51
18;0;3;37;83
18;0;4;33;399
18;0;5;42;354
18;0;6;25;224
18;1;0;47;71
18;1;1;31;318
18;1;2;37;117
18;1;3;9;442
18;1;4;9;122
18;1;5;45;214
18;1;6;6;186
18;2;0;4;389
18;2;1;1;156
18;2;2;41;366
18;2;3;30;295
18;2;4;40;145
18;2;5;48;132
18;2;6;13;80
18;3;0;48;231
18;3;1;43;213
18;3;2;49;315
18;3;3;45;432
18;3;4;6;356
18;3;5;12;26
18;3;6;45;167
18;4;0;19;149
18;4;1;49;416
18;4;2;44;233
18;4;3;22;310
18;4;4;4;161
18;4;5;1;319
18;4;6;10;194
18;5;0;26;68
18;5;1;10;426
18;5;2;42;423
18;5;3;40;195
18;5;4;36;56
18;5;5;27;1
18;5;6;3;156
18;6;0;33;388
18;6;1;23;62
18;6;2;32;379
18;6;3;48;405
18;6;4;41;106
18;6;5;11;335
18;6;6;14;289
18;7;0;38;385
18;7;1;18;49
18;7;2;31;338
18;7;3;16;32
18;7;4;32;37
18;7;5;14;259
18;7;6;8;289
18;8;0;12;131
18;8;1;4;261
18;8;2;13;228
18;8;3;5;213
18;8;4;38;238
18;8;5;2;335
18;8;6;48;32
18;9;0;50;306
18;9;1;40;4
18;9;2;43;206
18;9;3;25;414
18;9;4;9;244
18;9;5;16;409
18;9;6;24;208
18;10;0;25;79
18;10;1;15;372
18;10;2;29;348
18;10;3;33;332
18;10;4;49;449
18;10;5;39;3
18;10;6;6;343
18;11;0;47;123
18;11;1;45;149
18;11;2;28;175
18;11;3;41;205
18;11;4;34;252
18;11;5;34;140
18;11;6;9;29
18;12;0;25;213
18;12;1;15;45
18;12;2;43;94
18;12;3;28;196
18;12;4;4;63
18;12;5;2;93
18;12;6;37;103
18;13;0;26;87
18;13;1;44;13
18;13;2;35;117
18;13;3;10;14
18;13;4;15;181
18;13;5;23;207
18;13;6;16;114
18;14;0;30;361
18;14;1;19;61
18;14;2;20;120
18;14;3;34;195
18;14;4;34;40
18;14;5;6;268
18;14;6;9;296
18;15;0;10;192
18;15;1;49;321
18;15;2;37;261
18;15;3;46;377
18;15;4;9;35
18;15;5;48;195
18;15;6;38;238
18;16;0;39;158
18;16;1;48;142
18;16;2;7;75
18;16;3;27;384
18;16;4;36;200
18;16;5;1;97
18;16;6;8;421
18;17;0;43;277
18;17;1;24;72
18;17;2;42;312
18;17;3;20;135
18;17;4;14;443
18;17;5;46;448
18;17;6;31;20
18;18;0;42;28
18;18;1;27;303
18;18;2;50;91
18;18;3;27;177
18;18;4;7;111
18;18;5;10;425
18;18;6;23;211
18;19;0;20;32
18;19;1;39;55
18;19;2;19;160
18;19;3;9;395
18;19;4;38;0
18;19;5;13;45
18;19;6;49;148
18;20;0;37;276
18;20;1;47;39
18;20;2;35;431
18;20;3;30;88
18;20;4;46;216
18;20;5;49;367
18;20;6;13;106
18;21;0;11;27
18;21;1;23;206
18;21;2;15;138
18;21;3;7;42
18;21;4;36;140
18;21;5;2;68
18;21;6;22;374
18;22;0;1;293
18;22;1;23;74
18;22;2;45;370
18;22;3;40;197
18;22;4;2;272
18;22;5;34;328
18;22;6;14;345
18;23;0;32;267
18;23;1;22;133
18;23;2;16;419
18;23;3;25;87
18;23;4;29;124
18;23;5;44;0
18;23;6;45;34
18;24;0;21;279
18;24;1;38;408
18;24;2;35;379
18;24;3;6;64
18;24;4;6;391
18;24;5;34;381
18;24;6;41;165
18;25;0;25;2
18;25;1;49;424
18;25;2;16;356
18;25;3;41;55
18;25;4;7;138
18;25;5;30;257
18;25;6;9;377
18;26;0;20;111
18;26;1;40;396
18;26;2;24;347
18;26;3;35;203
18;26;4;29;77
18;26;5;14;83
18;26;6;17;301
18;27;0;4;291
18;27;1;44;228
18;27;2;23;11
18;27;3;28;43
18;27;4;25;69
18;27;5;26;134
18;27;6;20;212
19;0;0;21;272
19;0;1;50;391
19;0;2;12;209
19;0;3;19;126
19;0;4;30;435
19;0;5;32;445
19;0;6;43;333
19;1;0;4;139
19;1;1;33;382
19;1;2;44;116
19;1;3;49;298
19;1;4;18;283
19;1;5;46;216
19;1;6;35;222
19;2;0;43;75
19;2;1;36;129
19;2;2;13;304
19;2;3;27;383
19;2;4;1;400
19;2;5;22;346
19;2;6;11;242
19;3;0;4;200
19;3;1;18;346
19;3;2;38;297
19;3;3;40;73
19;3;4;32;17
19;3;5;7;149
19;3;6;9;305
19;4;0;15;47
19;4;1;25;392
19;4;2;12;305
19;4;3;19;194
19;4;4;3;47
19;4;5;49;288
19;4;6;35;107
19;5;0;32;424
19;5;1;40;177
19;5;2;39;362
19;5;3;7;315
19;5;4;32;434
19;5;5;4;77
19;5;6;38;106
19;6;0;43;230
19;6;1;10;321
19;6;2;28;378
19;6;3;23;73
19;6;4;45;332
19;6;5;38;424
19;6;6;15;25
19;7;0;39;140
19;7;1;28;225
19;7;2;12;429
19;7;3;23;397
19;7;4;50;314
19;7;5;21;261
19;7;6;36;278
19;8;0;43;438
19;8;1;8;103
19;8;2;21;148
19;8;3;15;427
19;8;4;3;252
19;8;5;35;197
19;8;6;8;221
19;9;0;39;308
19;9;1;24;251
19;9;2;2;291
19;9;3;33;303
19;9;4;50;117
19;9;5;22;261
19;9;6;31;368
19;10;0;10;126
19;10;1;24;309
19;10;2;23;321
19;10;3;1;92
19;10;4;48;331
19;10;5;8;239
19;10;6;42;1
19;11;0;7;92
19;11;1;35;445
19;11;2;44;83
19;11;3;28;393
19;11;4;49;61
19;11;5;24;298
19;11;6;17;111
19;12;0;15;338
19;12;1;17;340
19;12;2;10;263
19;12;3;3;156
19;12;4;38;19
19;12;5;18;389
19;12;6;48;433
19;13;0;41;367
19;13;1;2;60
19;13;2;2;140
19;13;3;46;417
19;13;4;39;369
19;13;5;23;264
19;13;6;22;30
19;14;0;7;211
19;14;1;24;393
19;14;2;35;236
19;14;3;43;238
19;14;4;43;248
19;14;5;20;279
19;14;6;44;296
19;15;0;41;78
19;15;1;12;63
19;15;2;5;287
19;15;3;44;110
19;15;4;21;183
19;15;5;47;409
19;15;6;3;117
19;16;0;14;66
19;16;1;7;32
19;16;2;13;412
19;16;3;29;302
19;16;4;19;238
19;16;5;17;228
19;16;6;34;312
19;17;0;20;372
19;17;1;1;423
19;17;2;29;358
19;17;3;24;392
19;17;4;24;427
19;17;5;30;138
19;17;6;33;217
19;18;0;14;80
19;18;1;13;213
19;18;2;38;390
19;18;3;3;16
19;18;4;40;166
19;18;5;19;4
19;18;6;41;283
19;19;0;28;383
19;19;1;10;280
19;19;2;41;426
19;19;3;13;62
19;19;4;1;375
19;19;5;14;92
19;19;6;15;245
19;20;0;42;319
19;20;1;12;352
19;20;2;15;32
19;20;3;36;123
19;20;4;5;337
19;20;5;37;42
19;20;6;39;10
19;21;0;6;130
19;21;1;9;370
19;21;2;42;113
19;21;3;5;181
19;21;4;18;202
19;21;5;11;370
19;21;6;39;124
19;22;0;5;129
19;22;1;3;315
19;22;2;50;439
19;22;3;17;445
19;22;4;28;92
19;22;5;4;429
19;22;6;41;296
19;23;0;27;41
19;23;1;32;153
19;23;2;17;298
19;23;3;18;236
19;23;4;6;210
19;23;5;3;170
19;23;6;43;121
19;24;0;50;71
19;24;1;5;3
19;24;2;33;326
19;24;3;15;78
19;24;4;25;223
19;24;5;13;136
19;24;6;43;210
19;25;0;41;129
19;25;1;13;66
19;25;2;8;58
19;25;3;9;398
19;25;4;5;221
19;25;5;36;292
19;25;6;5;229
19;26;0;42;75
19;26;1;8;170
19;26;2;7;200
19;26;3;2;71
19;26;4;9;15
19;26;5;31;88
19;26;6;29;401
19;27;0;28;1
19;27;1;46;9
19;27;2;4;237
19;27;3;21;367
19;27;4;7;3
19;27;5;49;302
19;27;6;2;29
